Workbook

Sheet Enregistrement Membres
A1: N | B1: Noms et Prénoms | C1: Sexe | D1: Age | E1: Telephone
A2: 1 | B2: A
A3: 2 | B3: B
A4: 3 | B4: C
A5: 4 | B5: D
A6: 5 | B6: E
A7: 6 | B7: F
A8: 7 | B8: G
A9: 8 | B9: H
A10: 9 | B10: I
A11: 10 | B11: J
A12: 11 | B12: K
A13: 12 | B13: L
... A31: 30 | B31: DD

Sheet Presence
A1: N | B1: Noms et Prénoms | C1: 46093 | D1: 46094 | E1: 46095
A2: 1 | B2: ='Enregistrement Membres'!B2 -> A | C2: ↗
A3: 2 | B3: ='Enregistrement Membres'!B3 -> B | C3: X | J3: Liste
A4: 3 | B4: ='Enregistrement Membres'!B4 -> C | C4: ↗ | J4: ↗ | K4: Present
A5: 4 | B5: ='Enregistrement Membres'!B5 -> D | C5: ↗ | J5: X | K5: Abscent
A6: 5 | B6: ='Enregistrement Membres'!B6 -> E | C6: ↗ | J6: E | K6: Excusé
A7: 6 | B7: ='Enregistrement Membres'!B7 -> F | C7: ↗ | J7: © | K7: Retard
A8: 7 | B8: ='Enregistrement Membres'!B8 -> G | C8: ↗
A9: 8 | B9: ='Enregistrement Membres'!B9 -> H | C9: ©
A10: 9 | B10: ='Enregistrement Membres'!B10 -> I
A11: 10 | B11: ='Enregistrement Membres'!B11 -> J
A12: 11 | B12: ='Enregistrement Membres'!B12 -> K
A13: 12 | B13: ='Enregistrement Membres'!B13 -> L
A14: 13 | B14: ='Enregistrement Membres'!B14 -> M
A15: 14 | B15: ='Enregistrement Membres'!B15 -> N
A16: 15 | B16: ='Enregistrement Membres'!B16 -> O
A17: 16 | B17: ='Enregistrement Membres'!B17 -> P
A18: 17 | B18: ='Enregistrement Membres'!B18 -> Q
A19: 18 | B19: ='Enregistrement Membres'!B19 -> R
A20: 19 | B20: ='Enregistrement Membres'!B20 -> S
A21: 20 | B21: ='Enregistrement Membres'!B21 -> T
... A31: 30 | B31: ='Enregistrement Membres'!B31 -> DD
B32: Totaux (Presence et Retards) | C32: =COUNTIF(C2:C31,"↗")+COUNTIF(C2:C31,"©") -> 7 | D32: =COUNTIF(D2:D31,"↗")+COUNTIF(D2:D31,"©") -> 0 | E32: =COUNTIF(E2:E31,"↗")+COUNTIF(E2:E31,"©") -> 0

Sheet Social
A1: N | B1: Noms et Prénoms | C1: 46093 | D1: 46094 | E1: 46095
A2: 1 | B2: ='Enregistrement Membres'!B2 -> A
A3: 2 | B3: ='Enregistrement Membres'!B3 -> B
A4: 3 | B4: ='Enregistrement Membres'!B4 -> C
A5: 4 | B5: ='Enregistrement Membres'!B5 -> D
A6: 5 | B6: ='Enregistrement Membres'!B6 -> E
A7: 6 | B7: ='Enregistrement Membres'!B7 -> F
A8: 7 | B8: ='Enregistrement Membres'!B8 -> G
A9: 8 | B9: ='Enregistrement Membres'!B9 -> H
A10: 9 | B10: ='Enregistrement Membres'!B10 -> I
A11: 10 | B11: ='Enregistrement Membres'!B11 -> J
A12: 11 | B12: ='Enregistrement Membres'!B12 -> K
A13: 12 | B13: ='Enregistrement Membres'!B13 -> L
... A31: 30 | B31: ='Enregistrement Membres'!B31 -> DD
B32: Total | C32: =SUM(C2:C31) -> 0 | D32: =SUM(D2:D31) -> 0 | E32: =SUM(E2:E31) -> 0

Sheet Epargne
A1: N | B1: Noms et Prénoms | C1: 46065 | D1: 46093 | F1: 46106
C2: Intango (Premiere Epargne) | D2: Ayinjiye (Epargne du Jour) | E2: Yose (Cumul) | F2: Ayinjiye (Epargne du Jour) | G2: Yose (Cumul)
A3: 1 | B3: ='Enregistrement Membres'!B2 -> A | E3: =C3+D3 -> 0 | G3: =F3+E3 -> 0
A4: 2 | B4: ='Enregistrement Membres'!B3 -> B | E4: =C4+D4 -> 0 | G4: =F4+E4 -> 0 | I4: Le montant du Jour ne doit pas depasser trois fois le minimu qui est defini à la creation du Groupe
A5: 3 | B5: ='Enregistrement Membres'!B4 -> C | E5: =C5+D5 -> 0 | G5: =F5+E5 -> 0
A6: 4 | B6: ='Enregistrement Membres'!B5 -> D | E6: =C6+D6 -> 0 | G6: =F6+E6 -> 0
A7: 5 | B7: ='Enregistrement Membres'!B6 -> E | E7: =C7+D7 -> 0 | G7: =F7+E7 -> 0
A8: 6 | B8: ='Enregistrement Membres'!B7 -> F | E8: =C8+D8 -> 0 | G8: =F8+E8 -> 0
A9: 7 | B9: ='Enregistrement Membres'!B8 -> G | E9: =C9+D9 -> 0 | G9: =F9+E9 -> 0
A10: 8 | B10: ='Enregistrement Membres'!B9 -> H | E10: =C10+D10 -> 0 | G10: =F10+E10 -> 0
A11: 9 | B11: ='Enregistrement Membres'!B10 -> I | E11: =C11+D11 -> 0 | G11: =F11+E11 -> 0
A12: 10 | B12: ='Enregistrement Membres'!B11 -> J | E12: =C12+D12 -> 0 | G12: =F12+E12 -> 0
A13: 11 | B13: ='Enregistrement Membres'!B12 -> K | E13: =C13+D13 -> 0 | G13: =F13+E13 -> 0
A14: 12 | B14: ='Enregistrement Membres'!B13 -> L | E14: =C14+D14 -> 0 | G14: =F14+E14 -> 0
A15: 13 | B15: ='Enregistrement Membres'!B14 -> M | E15: =C15+D15 -> 0 | G15: =F15+E15 -> 0
A16: 14 | B16: ='Enregistrement Membres'!B15 -> N | E16: =C16+D16 -> 0 | G16: =F16+E16 -> 0
... A32: 30 | B32: ='Enregistrement Membres'!B31 -> DD | E32: =C32+D32 -> 0 | G32: =F32+E32 -> 0
B33: TOTAL | C33: =SUM(C3:C32) -> 0 | D33: =SUM(D3:D32) -> 0 | E33: =SUM(E3:E32) -> 0 | F33: =SUM(F3:F32) -> 0 | G33: =SUM(G3:G32) -> 0

Sheet Decaissement Social
A1: Nom | B1: Objet | C1: Date de Decaissement | D1: Signature | E1: Montant Decaissé | F1: Montant Rembourssé

Sheet Amendes à Percevoir
A1: Membre | B1: Motif | C1: Montant à payer | D1: Montant Payé

Sheet Journal des Prets
A1: Nom | B1: Objet | C1: Date de decaiss | D1: Date echeance | E1: Signature | F1: Montant decaisse | G1: Interet | H1: Total à payer | I1: Montant Payé | J1: Solde | K1: Date du payement | L1: Commentaire (Actif, Retard)

Sheet Livre de Caisse Social
A1: Date | B1: Description | C1: Entrée | D1: Sortie | E1: Solde

Sheet Livre de Caisse FP
A1: Date | B1: Description | C1: Entrée | D1: Sortie | E1: Solde
A2: 46297 | B2: Epargne | C2: 1000
B3: Amende | C3: 500 | E3: =SUM(C2:C3)-SUM(D2:D3) -> 1500
A5: 45933 | B5: Epargne | C5: 5000
B6: Achat Cadenat | D6: 1000
B7: Achat Stylo | D7: 100 | E7: =(SUM(C5:C7)+E3)-SUM(D6:D7) -> 5400

Sheet Partage
